"date","tmean_celsius"
2023-01-01,12.3449461383584
2023-01-02,11.6508667745708
2023-01-03,10.035263928072
2023-01-04,9.50671077775369
2023-01-05,8.59162575050639
2023-01-06,7.69542620623556
2023-01-07,8.59433804735728
2023-01-08,10.0956194088783
2023-01-09,11.1357910909771
2023-01-10,11.6238444010417
2023-01-11,12.3217135959202
2023-01-12,14.3292348602672
2023-01-13,15.2469643675251
2023-01-14,12.2715442045236
2023-01-15,10.3882535957996
2023-01-16,10.1277653446904
2023-01-17,10.2141504358362
2023-01-18,10.950845148534
2023-01-19,13.7221923828125
2023-01-20,14.0808805489246
2023-01-21,14.0847577883874
2023-01-22,15.053042489511
2023-01-23,16.6586167323736
2023-01-24,16.6219104908131
2023-01-25,16.3669267065731
2023-01-26,14.3090510615596
2023-01-27,13.3333667896412
2023-01-28,14.0730605137201
2023-01-29,13.9301052517361
2023-01-30,14.3836921597705
2023-01-31,15.4067397129389
2023-02-01,14.8873896846065
2023-02-02,15.8289959942853
2023-02-03,15.861855137201
2023-02-04,17.0390390655141
2023-02-05,17.4641266999421
2023-02-06,18.8514701183931
2023-02-07,17.8646653917101
2023-02-08,16.7729431152344
2023-02-09,18.9243419505932
2023-02-10,20.1024598675009
2023-02-11,19.7791491096402
2023-02-12,16.831489016686
2023-02-13,16.3276125307436
2023-02-14,17.6152335461275
2023-02-15,19.2011239510995
2023-02-16,19.7315868989921
2023-02-17,20.3999380606192
2023-02-18,20.3763159481095
2023-02-19,21.3688462999132
2023-02-20,23.2617446711034
2023-02-21,23.1622264720775
2023-02-22,21.2767416118104
2023-02-23,20.6138237093702
2023-02-24,20.2970911850164
2023-02-25,21.3791789490499
2023-02-26,22.3340344087577
2023-02-27,22.4563262562693
2023-02-28,22.4200815459828
2023-03-01,22.7406506196952
2023-03-02,23.3748428156346
2023-03-03,23.709575436439
2023-03-04,22.1466542185088
2023-03-05,22.8428434395496
2023-03-06,22.7134018132716
2023-03-07,22.6245798369984
2023-03-08,22.5762264298804
2023-03-09,22.4949257179543
2023-03-10,23.2058571897907
2023-03-11,23.9300351743345
2023-03-12,24.7307463469328
2023-03-13,25.0065608271846
2023-03-14,24.9238427432967
2023-03-15,25.3774628062307
2023-03-16,24.9555124541859
2023-03-17,23.389054211275
2023-03-18,20.9295615867332
2023-03-19,21.361161521629
2023-03-20,19.241756410952
2023-03-21,19.1732938036506
2023-03-22,21.1412473325376
2023-03-23,23.1769122088397
2023-03-24,22.5346354920187
2023-03-25,22.5758304548852
2023-03-26,23.520787293234
2023-03-27,22.7203104654948
2023-03-28,23.5000229070216
2023-03-29,25.0484445077401
2023-03-30,24.1186662085262
2023-03-31,20.3981021080488
2023-04-01,21.4563025203752
2023-04-02,23.2050626024788
2023-04-03,24.4948424539448
2023-04-04,24.0002519772376
2023-04-05,24.5616657775125
2023-04-06,25.1988117736063
2023-04-07,25.1041583025897
2023-04-08,25.4264028290171
2023-04-09,25.8716407304928
2023-04-10,26.7843495310088
2023-04-11,28.372363356602
2023-04-12,29.3687833809558
2023-04-13,29.6234416443624
2023-04-14,30.2938239203559
2023-04-15,31.1220174907166
2023-04-16,31.3199352876639
2023-04-17,31.9201433346595
2023-04-18,32.2598149052372
2023-04-19,30.6582629545235
2023-04-20,29.5123599205488
2023-04-21,28.6832542136863
2023-04-22,28.8081182032455
2023-04-23,26.2642135808497
2023-04-24,25.6163702317226
2023-04-25,26.923270821277
2023-04-26,28.6608170120804
2023-04-27,29.3778071650752
2023-04-28,27.7545813289689
2023-04-29,27.1575489938995
2023-04-30,24.3659207567756
2023-05-01,22.5298751265914
2023-05-02,23.0159074948158
2023-05-03,23.0662140269338
2023-05-04,25.8331923496576
2023-05-05,27.9689774878231
2023-05-06,28.8818927529417
2023-05-07,29.464828604239
2023-05-08,29.5411881058304
2023-05-09,29.3758679802035
2023-05-10,28.7951572747878
2023-05-11,30.1913779176311
2023-05-12,31.6712219991801
2023-05-13,32.5772670416184
2023-05-14,32.500213924455
2023-05-15,32.5348197277681
2023-05-16,32.3210923183111
2023-05-17,32.7877757884837
2023-05-18,30.5435515227141
2023-05-19,31.4176382559317
2023-05-20,32.5349320023148
2023-05-21,34.0995022997444
2023-05-22,35.3067599826388
2023-05-23,34.5525380075713
2023-05-24,29.4002537856867
2023-05-25,27.7920682177131
2023-05-26,28.2786581910686
2023-05-27,26.9695034450955
2023-05-28,29.3217301733699
2023-05-29,27.6803893289448
2023-05-30,28.2742662971402
2023-05-31,26.8138306417583
2023-06-01,27.5700215657552
2023-06-02,28.9605090482735
2023-06-03,30.5794684516059
2023-06-04,30.4097078299816
2023-06-05,31.9127693835599
2023-06-06,31.7708871346932
2023-06-07,32.1131003297405
2023-06-08,33.1256114064911
2023-06-09,33.8593308437017
2023-06-10,34.4624365535783
2023-06-11,33.6182619448061
2023-06-12,35.3826718930844
2023-06-13,36.2119821807484
2023-06-14,35.2022557388117
2023-06-15,33.2811481993875
2023-06-16,33.2775712378231
2023-06-17,33.6015605408468
2023-06-18,31.5437903886959
2023-06-19,30.28295401114
2023-06-20,30.77426592038
2023-06-21,31.875974980107
2023-06-22,32.8775129153404
2023-06-23,32.2669175889757
2023-06-24,31.6164591471354
2023-06-25,27.3434443721064
2023-06-26,28.6353359646267
2023-06-27,30.008949110243
2023-06-28,30.3510993863329
2023-06-29,29.6607284734278
2023-06-30,29.0406512225115
2023-07-01,29.900496796031
2023-07-02,30.8685132438753
2023-07-03,32.666764925733
2023-07-04,30.4992226683063
2023-07-05,29.4660997932339
2023-07-06,27.8796190049913
2023-07-07,28.9739126699942
2023-07-08,27.677025613667
2023-07-09,27.7739513255931
2023-07-10,27.889959942853
2023-07-11,29.247758954837
2023-07-12,29.2254189573688
2023-07-13,29.1094920970775
2023-07-14,29.9337760265962
2023-07-15,29.4253339602623
2023-07-16,29.6797205795476
2023-07-17,30.3121597101659
2023-07-18,29.3857828022521
2023-07-19,31.2290019470968
2023-07-20,32.8896675769193
2023-07-21,32.8337695463204
2023-07-22,31.6373964662905
2023-07-23,31.9911908938561
2023-07-24,31.7974811318479
2023-07-25,30.2645379714024
2023-07-26,28.4381705578462
2023-07-27,29.6938479576581
2023-07-28,28.6799097131799
2023-07-29,28.137072452498
2023-07-30,30.2513717086226
2023-07-31,31.017167381004
2023-08-01,31.6046872739438
2023-08-02,30.1269070849006
2023-08-03,30.6825266896942
2023-08-04,29.3176193425684
2023-08-05,29.9154172544126
2023-08-06,30.2689389075762
2023-08-07,30.4223300509982
2023-08-08,30.2819292233314
2023-08-09,30.6536608283902
2023-08-10,30.4287240487557
2023-08-11,31.0651888623649
2023-08-12,31.070206555025
2023-08-13,30.1813146520544
2023-08-14,29.2861956561053
2023-08-15,30.3393293969425
2023-08-16,31.43344560788
2023-08-17,31.63879311644
2023-08-18,31.3965031376591
2023-08-19,30.4848556706934
2023-08-20,31.299483235677
2023-08-21,31.8671124493634
2023-08-22,29.836169885706
2023-08-23,27.0106151439525
2023-08-24,29.0782869315441
2023-08-25,30.2176057038483
2023-08-26,30.5428439670138
2023-08-27,30.5901955686969
2023-08-28,30.419895049672
2023-08-29,31.0472328468605
2023-08-30,31.1063386140046
2023-08-31,31.6130099072868
2023-09-01,32.0026688940731
2023-09-02,31.6092279881606
2023-09-03,31.2363936059268
2023-09-04,31.356088445216
2023-09-05,31.2087525921103
2023-09-06,30.5371620460792
2023-09-07,31.0087735399787
2023-09-08,29.4712440773292
2023-09-09,26.9798225308642
2023-09-10,26.2641306936005
2023-09-11,27.9302130051601
2023-09-12,29.7184530375916
2023-09-13,30.9417328257619
2023-09-14,31.1528617199556
2023-09-15,29.1443179283613
2023-09-16,28.542354178723
2023-09-17,27.8020938072675
2023-09-18,28.9668657467689
2023-09-19,30.2140223373601
2023-09-20,30.6837338294512
2023-09-21,30.801207290461
2023-09-22,29.9244530948591
2023-09-23,28.3468924816743
2023-09-24,28.2931547941985
2023-09-25,29.2644810806086
2023-09-26,29.4854238251109
2023-09-27,28.6223569516782
2023-09-28,27.800830153477
2023-09-29,28.2503883644386
2023-09-30,28.7242607964409
2023-10-01,28.0543652946566
2023-10-02,26.7420062029803
2023-10-03,26.6179175859616
2023-10-04,26.7548959237558
2023-10-05,26.8819368338879
2023-10-06,27.7251782075858
2023-10-07,28.7579273365162
2023-10-08,29.5059881516444
2023-10-09,29.6238628622926
2023-10-10,28.2376282491801
2023-10-11,26.682142394266
2023-10-12,26.3896943268952
2023-10-13,27.1630297248746
2023-10-14,27.7731695481288
2023-10-15,26.9829794047791
2023-10-16,23.9611996497637
2023-10-17,22.4325082284433
2023-10-18,23.3492555217978
2023-10-19,22.8890127676504
2023-10-20,23.2442761833285
2023-10-21,23.6304565429687
2023-10-22,23.4693768536603
2023-10-23,23.7318875536506
2023-10-24,23.5905809944058
2023-10-25,23.5833249692563
2023-10-26,23.1154844684365
2023-10-27,23.1956500018084
2023-10-28,23.5513350121769
2023-10-29,23.9106813783999
2023-10-30,24.3618773660542
2023-10-31,24.305655698423
2023-11-01,23.9762169355227
2023-11-02,23.3630087770061
2023-11-03,22.9847430193865
2023-11-04,22.873735517337
2023-11-05,22.4210042317708
2023-11-06,22.1973785777151
2023-11-07,22.6482611008632
2023-11-08,22.4305818534192
2023-11-09,22.9050473060137
2023-11-10,20.6906485098379
2023-11-11,19.9908333484037
2023-11-12,19.6821751724055
2023-11-13,19.793904923804
2023-11-14,19.2566889256607
2023-11-15,19.0159052342544
2023-11-16,19.9926433045187
2023-11-17,19.9168218165268
2023-11-18,20.0430116253134
2023-11-19,19.6014026783131
2023-11-20,19.2015813380112
2023-11-21,19.0577557599103
2023-11-22,17.6620998806424
2023-11-23,18.3221619405864
2023-11-24,18.0398675612461
2023-11-25,18.4265761387201
2023-11-26,19.2146718719859
2023-11-27,18.4716536156925
2023-11-28,17.9018738546489
2023-11-29,18.9297465760031
2023-11-30,18.7926642523871
2023-12-01,18.9661314410928
2023-12-02,18.2434925220631
2023-12-03,18.9100209177276
2023-12-04,18.2211589295187
2023-12-05,17.4821637188947
2023-12-06,17.3109081127025
2023-12-07,17.3300987714603
2023-12-08,16.7066623263889
2023-12-09,16.3005622769579
2023-12-10,15.3576342924142
2023-12-11,15.4915725519628
2023-12-12,15.6058763292101
2023-12-13,15.4399545175058
2023-12-14,14.6205198688272
2023-12-15,14.9136803897811
2023-12-16,14.5753662862896
2023-12-17,14.849390401958
2023-12-18,14.5988994833864
2023-12-19,14.1294969346788
2023-12-20,13.9033435962818
2023-12-21,13.9599243164063
2023-12-22,14.9391437295042
2023-12-23,15.4834040135513
2023-12-24,15.5935743543837
2023-12-25,14.8613412362558
2023-12-26,15.4898198634018
2023-12-27,14.480665720245
2023-12-28,13.0558904200425
2023-12-29,12.6755596396364
2023-12-30,12.395805754485
2023-12-31,11.7574933087384
